year,tmID,franchID,confID,playoff,playoff_prob
11,ATL,ATL,EA,Y,0.9275655353179816
11,CHI,CHI,EA,N,0.1055038111452213
11,CON,CON,EA,N,0.3336229448788081
11,IND,IND,EA,Y,0.9999999999991384
11,LAS,LAS,WE,Y,0.9999993864672716
11,MIN,MIN,WE,N,0.4325159927923881
11,NYL,NYL,EA,Y,0.9026059640180172
11,PHO,PHO,WE,Y,0.999999999955088
11,SAS,SAS,WE,Y,0.9518546679114074
11,SEA,SEA,WE,Y,0.999004014618834
11,TUL,DET,WE,Y,0.9571643184594548
11,WAS,WAS,EA,Y,0.564515895041078
