year,tmID,franchID,confID,playoff,playoff_prob
11,ATL,ATL,EA,Y,0.8612736443816658
11,CHI,CHI,EA,N,0.4105398911721123
11,CON,CON,EA,N,0.3924599810454157
11,IND,IND,EA,Y,0.9050747766620691
11,LAS,LAS,WE,Y,0.9934420883507976
11,MIN,MIN,WE,N,0.4900122415170226
11,NYL,NYL,EA,Y,0.6786814247929531
11,PHO,PHO,WE,Y,0.8860865576747748
11,SAS,SAS,WE,Y,0.7730598003888592
11,SEA,SEA,WE,Y,0.7984765469418927
11,TUL,DET,WE,Y,0.7718980600806506
11,WAS,WAS,EA,Y,0.7771303178904427
